id,servings,readyInMins,cookMins,prepMins,pricePerServing,isCheap,cuisines,diets,glutenFree,lowFodmap,vegan,vegetarian,veryHealthy,veryPopular,numSteps,numIngrs,ingrList
715415,8,55,45,10,300.45,False,[],"['gluten free', 'dairy free']",True,False,False,False,True,True,13,13,"['additional toppings: avocado', 'carrots', 'celery stalks', 'chicken breast', 'flat leaf parsley', 'garlic', 'olive oil', 'canned tomatoes', 'lentils', 'salt and pepper', 'turnip', 'vegetable stock', 'onion']"
782601,6,45,None,None,168.43,False,"['Creole', 'Cajun']","['gluten free', 'dairy free', 'lacto ovo vegetarian', 'vegan']",True,False,True,True,True,False,14,20,"['brown rice', 'carrots', 'celery', 'celery seed', 'kidney beans', 'marjoram', 'thyme', 'eggplant', 'garlic', 'green beans', 'ground pepper', 'ground sage', 'liquid smoke', 'olive oil', 'bell pepper', 'onion', 'sea salt', 'sriracha', 'tomatoes', 'vegetable stock']"
716004,6,45,None,None,186.91,False,[],"['gluten free', 'dairy free', 'lacto ovo vegetarian']",True,False,False,True,True,False,13,13,"['cashews', 'dried cherries', 'dried chickpeas', 'dried thyme', 'ground cumin', 'honey', 'juice of orange', 'olive oil', 'quinoa', 'red wine vinegar', 'sea-salt', 'sun-dried tomatoes', 'turmeric']"
716627,2,35,None,None,106.02,False,[],"['gluten free', 'dairy free', 'lacto ovo vegetarian', 'vegan']",True,False,True,True,True,True,7,10,"['black beans', 'canned tomatoes', 'chili powder', 'cumin', 'ground pepper', 'optional: of hot sauce', 'olive oil', 'onion', 'rice', 'water']"
664147,6,45,None,None,49.7,False,[],"['gluten free', 'dairy free', 'lacto ovo vegetarian', 'vegan']",True,False,True,True,True,False,7,8,"['bay leaf', 'rosemary', 'garlic', 'olive oil', 'onion', 'salt', 'water', 'beans']"
660306,6,45,None,None,298.81,False,[],"['gluten free', 'dairy free']",True,False,False,False,True,False,20,8,"['cinnamon', 'cumin', 'garbanzo beans *1', 'ground pepper', 'onion', 'pork should roast', 'salt', 'water *2']"
715769,2,30,None,None,414.24,False,"['Mediterranean', 'Italian', 'European']","['gluten free', 'dairy free', 'lacto ovo vegetarian', 'vegan']",True,False,True,True,True,False,10,7,"['broccolini', 'garlic clove', 'olive oil', 'onion', 'quinoa', 'vegetable broth', 'walnuts']"
636589,1,45,None,None,340.39,False,[],['gluten free'],True,False,False,False,True,False,4,5,"['butternut squash', 'goat cheese', 'liquid egg substitute', 'non-fat milk', 'bell pepper']"
646738,6,45,None,None,78.07,False,[],"['gluten free', 'dairy free', 'lacto ovo vegetarian', 'vegan']",True,False,True,True,True,False,30,12,"['olive oil', 'onion', 'garlic', 'carrot', 'kosher salt', 'bay leaves', 'rosemary leaves', 'the following: parmesan rind)', 'navy', 'water', 'dinosaur kale', 'juice of lemon']"
663559,4,45,None,None,115.56,False,[],"['gluten free', 'dairy free', 'lacto ovo vegetarian', 'vegan']",True,False,True,True,True,False,5,10,"['olive oil', 'onion', 'garlic', 'carrots', 'tomatoes', 'bay leaf', 'water', 'lentils', 'salt', 'parsley']"
715421,4,30,15,15,262.25,False,['Mexican'],['gluten free'],True,False,False,False,False,True,9,16,"['avocado', 'pepper', 'black beans', 'canned tomatoes', 'chili powder', 'quinoa', 'cumin', 'verde enchilada sauce', 'cilantro', 'green onion tops', 'roma tomato', 'salt', 'cheese', 'chicken breast', 'corn', 'pepper']"
648320,2,45,None,None,696.04,False,[],"['gluten free', 'dairy free', 'paleolithic', 'primal', 'pescatarian']",True,False,False,False,True,False,3,12,"['salmon', 'green onion', 'chives', 'cilantro', 'thai basil', 'ginger', 'lime zest', 'lime juice', 'rice vinegar', 'habanero sauce and chile', 'salt and pepper', 'olive oil to coat']"
652417,3,30,None,None,126.12,False,[],"['dairy free', 'lacto ovo vegetarian', 'vegan']",False,False,True,True,True,False,7,16,"['broccoli', 'chickpeas', 'carrots', 'celery stalks', 'lentils', 'couscous', 'cilantro', 'ground cinnamon', 'ground cumin', 'ground turmeric', 'lemon juice', 'olive oil', 'paprika', 'salt and pepper', 'tomato paste', 'water']"
636787,4,45,None,None,224.09,False,[],"['gluten free', 'dairy free', 'whole 30']",True,False,False,False,True,False,35,10,"['onion', 'carrots', 'garlic cloves', 'potatoes', 'chorizo links', 'chicken stock and 2 cups of water', 'kale', 'of water and 2 packets of chicken boullion', 'pepper flakes', 'salt and pepper']"
716311,2,45,None,None,151.08,False,"['Chinese', 'Asian']","['gluten free', 'dairy free']",True,False,False,False,False,False,7,6,"['chicken stock', 'seasoning cubes', 'mango', 'rice', 'vegetables', 'scotch bonnet pepper']"
157344,1,10,None,None,458.2,False,[],"['gluten free', 'lacto ovo vegetarian']",True,False,False,True,True,False,7,10,"['almonds', 'avocado', 'balsamic vinegar', 'cheddar cheese', 'kidney beans', 'greens', 'olive oil', 'roasted cashews', 'sundried tomatoes', 'tabasco']"
716361,1,45,None,None,357.8,False,[],['gluten free'],True,False,False,False,True,False,6,14,"['suya spice', 'quinoa and brown rice mix', 'butter', 'carrots', 'cherry tomatoes', 'chicken breast', 'garlic', 'seasoning cubes', 'bell pepper', 'roma tomato', 'scotch bonnet pepper', 'spring onion', 'vegetable oil', 'water']"
716408,4,30,None,None,303.59,False,"['Mediterranean', 'European', 'Greek']","['gluten free', 'pescatarian']",True,False,False,False,False,True,7,12,"['bell pepper', 'rice', 'basil', 'feta cheese', 'fish fillets', 'olive oil', 'oregano', 'pepper', 'onion', 'salt & pepper', 'tomato', 'white wine']"
661340,1,45,None,None,338.97,False,[],"['gluten free', 'primal']",True,False,False,False,True,False,5,12,"['almonds', 'balsamic vinegar', 'chicken', 'dijon mustard', 'feta cheese', 'thyme', 'ground pepper', 'shallot', 'spinach leaves', 'strawberries', 'strawberries', 'water']"
659135,2,45,None,None,520.46,False,[],"['gluten free', 'dairy free', 'whole 30', 'pescatarian']",True,False,False,False,True,False,9,10,"['potato', 'parsnip', 'carrot', 'onion', 'cherry tomatoes', 'salmon', 'olive oil', 'lemon juice', 'salt', 'rosemary and thyme']"
639851,2,45,None,None,626.14,False,[],"['gluten free', 'dairy free', 'whole 30']",True,False,False,False,True,False,13,12,"['olives', 'cod fillets', 'parsley', 'parsley leaves', 'lemon juice', 'olive oil', 'olive oil', 'plum tomatoes', 'potatoes', 'bell pepper', 'salt', 'a semi-smoked sausage']"
633921,2,60,None,None,443.76,False,[],"['gluten free', 'dairy free', 'pescatarian']",True,False,False,False,True,False,19,13,"['apple cider vinegar', 'asparagus', 'balsamic vinegar', 'dill', 'garlic', 'grapeseed oil', 'herbs de provence', 'honey', 'juice of lemon', 'lemon zest', 'salmon fillet', 'salt and pepper', 'vegetable stock']"
982371,4,13,11,2,301.67,False,[],"['gluten free', 'dairy free', 'lacto ovo vegetarian', 'vegan']",True,False,True,True,True,False,6,9,"['avocado', 'broccoli', 'rainbow cherry tomatoes', 'clementine', 'kale', 'quinoa', 'salt and pepper', 'baby brussell sprouts', 'stock']"
1095753,2,50,None,None,305.89,False,[],"['gluten free', 'dairy free', 'lacto ovo vegetarian', 'vegan']",True,False,True,True,True,False,12,14,"['kale leaves', 'garlic', 'quinoa', 'cabbage', 'avocado', 'a cauliflower', 'olive oil', 'ground cumin', 'garden cress', 'garlic roasted', 'cashews soaked overnight in water', 'tahini', 'water', 'kosher salt']"
715523,4,30,10,20,369.37,False,[],['gluten free'],True,False,False,False,False,True,9,9,"['bell peppers', 'cayenne', 'chili powder', 'chorizo', 'cumin', 'green onion tops', 'monterrey jack and cheddar cheese', 'ground beef', 'quinoa']"
639891,5,45,None,None,704.87,False,[],"['gluten free', 'dairy free']",True,False,False,False,True,False,17,14,"['ancho chile powder', 'canned tomatoes', 'brown sugar', 'cilantro', 'garlic cloves', 'ground cumin', 'jalapeño', 'olive oil', 'oregano', 'bell pepper', 'short', 'strong freshly coffee', 'tomato paste', 'onion']"
646651,4,45,None,None,312.55,False,[],['gluten free'],True,False,False,False,True,False,8,8,"['broccoli', 'pack maggi so herbs', 'olive oil', 'russet potato', 'pepper and salt', 'chicken breasts', 'sweet potatoes', 'butter']"
716330,1,45,None,None,450.95,False,[],"['gluten free', 'dairy free', 'whole 30']",True,False,False,False,True,False,7,6,"['chicken breast', 'chicken stock cube', 'mangos', 'pepper', 'suya seasoning mix', 'cooking spoon of vegetable oil']"
664090,4,45,None,None,447.82,False,[],['gluten free'],True,False,False,False,True,False,27,17,"['carrot', 'cucumber', 'garlic', 'pickled cucumbers / gherkins', 'jalapeno peppers', 'juice of lemon', 'lebanese cucumber', 'lemon juice', 'i gem lettuce', 'olive oil', 'parsley', 'cabbage', 'onion', 'roast chicken', 'salt & pepper', 'tomatoes', 'yoghurt']"
649944,4,45,None,None,159.25,False,[],"['gluten free', 'dairy free', 'lacto ovo vegetarian', 'vegan']",True,False,True,True,True,False,3,10,"['cilantro', 'lentils', 'garlic', 'mango', 'olive oil', 'bell pepper', 'bell pepper', 'onion', 'salt', 'white wine vinegar']"
646043,4,45,None,None,164.1,False,"['Indian', 'Asian']","['gluten free', 'dairy free', 'lacto ovo vegetarian', 'vegan']",True,False,True,True,True,False,10,15,"['baking powder', 'chillies', 'cinnamon powder', 'coriander', 'cumin seeds', 'curry leaves', 'garlic', 'lemon juice or', 'mung beans', 'mustard seeds', 'salt', 'sugar', 'sunflower oil', 'tomato', 'turmeric']"
652393,6,45,None,None,74.36,False,[],"['gluten free', 'dairy free', 'lacto ovo vegetarian', 'vegan']",True,False,True,True,True,False,10,14,"['pepper', 'brown sugar', 'carrots', 'celery', 'herbs', 'garlic', 'grapeseed oil', 'lemon juice', 'lentils', 'onion', 'red wine vinegar', 'salt', 'tomatoes', 'water']"
640828,6,45,None,None,416.31,False,[],"['dairy free', 'pescatarian']",False,False,False,False,True,False,12,12,"['salmon fillet', 'leek', 'bell pepper', 'cherry tomatoes', 'extra virgin olive oil', 'panko crumbs', 'parsley', 'garlic clove', 'lemon zest', 'salt', 'pepper', 'extra virgin olive oil']"
639411,2,45,None,None,881.11,False,[],"['gluten free', 'dairy free', 'paleolithic', 'primal', 'pescatarian']",True,False,False,False,True,False,20,10,"['chicken stock', 'cilantro', 'green onions', 'pacific halibut filets', 'juice of lime', 'another slug of blood orange olive oil', ""mollie stone's blood orange olive oil"", 'dusting of garlic-pepper', 'salt and pepper', 'white wine']"
661259,4,45,None,None,427.24,False,[],[],False,False,False,False,True,False,19,7,"['flank steak', 'olive oil', 'shallot', 'spinach', 'bread crumbs', 'gorgonzola', 'salt and pepper']"
659927,4,45,None,None,1157.26,False,[],"['gluten free', 'dairy free', 'pescatarian']",True,False,False,False,True,False,20,18,"['the shrimp', 'shrimp', 'garlic cloves', 'olive oil', 'juice of lime', 'salt and pepper', 'the salad', 'the of 1 cos lettuce', 'basil leaves', 'corn', 'spring onions', 'pineapple', 'avocados into cubes', 'avocado', 'the dressing', 'tbsp olive oil', 'tbsp honey', 'juice of lime']"
659109,4,45,None,None,382.96,False,"['Mediterranean', 'Italian', 'European']","['gluten free', 'dairy free', 'pescatarian']",True,False,False,False,True,False,18,9,"['quinoa', 'onion', 'kale', 'garlic cloves', 'olive oil', 'poached salmon', 'vegetable stock', 'salt', 'bell pepper']"
644826,6,45,None,None,305.98,False,"['Chinese', 'Asian']","['gluten free', 'dairy free']",True,False,False,False,True,False,9,16,"['apple cider vinegar', 'pepper', 'sesame seeds', 'carrots', 'extra virgin olive oil', 'cabbage', 'kosher salt', 'satsuma mandarins', 'cabbage', 'chicken breasts roasted', 'romaine lettuce hearts', 'scallions', 'sesame oil', 'juice of 1 mandarin (cut crosswise then tablespoon into jar over a strainer)', 'sesame seeds', 'xylitol']"
1000566,4,30,25,5,220.3,False,[],"['gluten free', 'dairy free']",True,False,False,False,False,False,9,7,"['sirloin beef tips', 'cream of mushroom soup', 'garlic powder', ""dale's seasoning sauce"", 'olive oil', 'onion', 'water']"
664786,7,45,None,None,202.02,False,[],['dairy free'],False,False,False,False,True,False,6,11,"['venison stew meat', 'baby carrots 4 stalks celery 1 can mushrooms 1 piece pepper 1 cup flour and 3 tbsp 2 tablespoons bee', 'water', 'potatoes', 'onion', 'baby carrots', 'celery', 'mushrooms', 'bell pepper', 'flour and 3 tbsp', 'beef bouillon']"
659143,4,45,None,None,427.76,False,[],"['gluten free', 'dairy free', 'paleolithic', 'primal', 'pescatarian']",True,False,False,False,True,False,7,12,"['arënkha msc caviar substitute', 'baby beets', 'bay leaf', 'pepper', 'extra virgin olive oil', 'fennel', 'lemon juice', 'salmon fillets', 'tarragon stalks', 'tarragon leaves', 'watercress', 'white wine']"
645978,4,45,None,None,299.64,False,[],['gluten free'],True,False,False,False,False,False,7,15,"['bell peppers', 'pepper', 'tomato sauce', 'canned tomatoes', 'parsley', 'eggs', 'garlic', 'ground beef', 'ground turkey', 'onion', 'parmesan cheese', 'rice', 'sugar', 'tomato soup', 'worcestershire sauce']"
716364,4,45,None,None,243.53,False,"['Indian', 'Asian']","['gluten free', 'dairy free']",True,False,False,False,False,False,5,10,"['coconut milk', 'corn starch', 'curry powder', 'garlic', 'seasoning cubes', 'mackerel', 'bulb of onion', 'kidney beans', 'rice', 'scotch bonnet peppers']"
631868,6,45,None,None,440.62,False,[],['dairy free'],False,False,False,False,False,False,10,4,"['pie crust', ""campbell's chicken gravy"", 'cut-up vegetables', 'cans swanson premium chicken breast in water']"
655573,4,45,None,None,104.84,False,[],"['dairy free', 'lacto ovo vegetarian', 'vegan']",False,False,True,True,True,False,13,6,"['tomato', 'parsley', 'garlic', 'olive oil', 'pkt penne', 'peppers']"
641387,4,30,None,None,80.08,False,[],"['gluten free', 'dairy free', 'lacto ovo vegetarian', 'vegan']",True,False,True,True,True,False,6,9,"['bay leaf', 'roasted chestnuts', 'garlic', 'lentils', 'olive oil', 'onion', 'potato', 'roma tomatoes', 'salt and pepper']"
638626,4,45,None,None,490.25,False,"['South American', 'Latin American']","['gluten free', 'dairy free', 'paleolithic', 'primal', 'whole 30', 'ketogenic']",True,False,False,False,True,False,13,15,"['asparagus', 'chili pepper flakes', 'flat leaf parsley', 'mint leaves', 'to 5 garlic cloves', 'garlic cloves', 'kosher salt', 'lemon juice', 'olive oil', 'oregano leaves', 'pepper', 'freshly cracked pepper', 'red wine vinegar', 'shallot', 'skirt steaks']"
655706,4,45,None,None,393.69,False,[],['dairy free'],False,False,False,False,True,False,25,16,"['angel hair pasta', 'olive oil', 'half alarge onion', 'garlic cloves', 'kosher salt', 'zucchini', 'asparagus', 'cherry tomatoes', 'paprika', 'pepper', 'cayenne pepper', 'oregano leaves', 'rosemary', 'red wine', 'water', 'flat parsley leaves']"
642121,1,45,None,None,463.72,False,['Middle Eastern'],"['dairy free', 'lacto ovo vegetarian', 'vegan']",False,False,True,True,True,False,4,7,"['bulgur', 'cucumbers', 'flat leaf parsley', 'lemon juice from a lemon', 'olive oil', 'salt', 'tomatoes']"
665378,6,45,None,None,123.22,False,['Middle Eastern'],['lacto ovo vegetarian'],False,False,False,True,True,False,22,18,"['agave nectar', 'feta cheese', 'flat leaf parsley leaves', 'garlic', 'ground sumac', 'kosher salt', 'lacinato kale leaves', 'lemon juice', 'lentils', 'olive oil', 'onion', 'parsley', 'persian cucumber', 'pita breads', 'radishes', 'salt and pepper', 'savoy cabbage', ""za'atar""]"
637297,4,45,None,None,140.25,False,[],"['gluten free', 'dairy free', 'lacto ovo vegetarian', 'vegan']",True,False,True,True,True,False,13,20,"['olive oil', 'brown rice', 'twice amount of water', 'garlic gloves', 'tumeric', 'salt & pepper', 'onion', 'canned tomatoes', 'tomato puree', 'garlic gloves', 'cm ginger', 'chili', 'cinnamon', 'garam masala', 'paprika', 'sweet potatoes', 'juice of lemon', 'water', 'cauliflower', 'chickpeas']"
1046982,4,40,25,15,481.76,False,['American'],"['gluten free', 'dairy free', 'paleolithic', 'primal', 'whole 30']",True,False,False,False,True,False,13,10,"['bell pepper', 'garlic', 'ground turkey', 'olive oil', 'onion', 'salt and pepper', 'sweet potatoes', 'tomato paste', 'tomato sauce', 'water']"
716342,1,45,None,None,167.49,False,[],"['gluten free', 'dairy free', 'whole 30', 'ketogenic']",True,False,False,False,False,False,5,7,"['suya spice', 'chicken', 'chilli powder', 'cooking spoon groundnut oil', 'seasoning cubes', 'onions and tomatoes', 'salt']"
654959,4,45,None,None,168.12,False,[],['pescatarian'],False,False,False,False,True,False,9,11,"['flour', 'green onions', 'non-fat milk', 'olive oil', 'onion', 'parmesan cheese', 'parsley', 'tubular pasta', 'peas', 'dsh pepper sauce', 'water-packed tuna']"
640321,3,45,None,None,646.04,False,[],"['gluten free', 'dairy free', 'pescatarian']",True,False,False,False,True,False,16,13,"['dungeness crab- cooked&', 'quinoa', 'orange juice', 'chicken stock', 'mango', 'fresno chile', 'avocado', 'lime', 'roma tomato', 'cilantro', 'green onion', 'clove garlic', 'salmon']"
636604,4,45,None,None,154.73,False,[],"['gluten free', 'dairy free', 'lacto ovo vegetarian', 'vegan']",True,False,True,True,True,False,15,10,"['pepper', 'butternut squash', 'extra tofu', 'lemon juice', 'hazel nuts', 'bell pepper', 'onions', 'rosemary leaves', 'salt', 'water']"
663985,6,45,None,None,295.38,False,[],['dairy free'],False,False,False,False,False,False,17,12,"['olive oil', 'acorn squash', 'brown basmati rice', 'onion', 'garlic', 'ground turkey', 'baby bella mushrooms', 'spinach', 'vegeta seasoning', 'bell pepper flakes', 'salt and pepper', 'bread crumbs']"
640921,2,60,None,None,357.85,False,[],['gluten free'],True,False,False,False,True,False,9,12,"['artichoke', 'chicken breasts', 'garlic', 'lemon', 'maple syrup', 'olive olive oil', 'parmesan', 'bell pepper', 'potato', 'rosemary', 'salt', 'mozzarella cheese']"
982382,4,25,20,5,271.9,False,['Mexican'],"['gluten free', 'dairy free']",True,False,False,False,True,False,10,12,"['boneless/skinless chicken breasts', 'black beans', 'corn', 'chilis', 'canned tomatoes', 'chili powder', 'cilantro', 'bell pepper', 'green onion', 'olive oil', 'onion', 'water']"
661365,3,45,None,None,361.48,False,[],['lacto ovo vegetarian'],False,False,False,True,True,False,11,9,"['feta', 'olive oil', 'pine nuts', 'onion', 'salt', 'spinach', 'tomatoes', 'water', 'couscous']"
641072,2,45,None,None,204.82,False,[],"['gluten free', 'dairy free']",True,False,False,False,True,False,8,14,"['chickpeas/garbanzo beans', 'potatoes', 'water', ""not chicken' vegan bouillons"", 'onion', 'garlic', 'canned tomatoes', 'veggies', 'ground ginger', 'cumin', 'curry powder', 'garam masala', 'pepper and liquid aminos', 'oil']"
646930,4,45,None,None,324.76,False,[],['gluten free'],True,False,False,False,False,False,20,14,"['broccoli', 'shallot', 'juice of lemon', 'vegetable broth', 'pepper', 'salt', 'onion', 'yogurt', 'yukon gold potatoes', 'parsley', 'bay leaf', 'olive oil', 'almond milk', 'cheddar cheese']"
648279,3,20,None,None,209.48,False,"['Mediterranean', 'Italian', 'European']","['dairy free', 'pescatarian']",False,False,False,False,True,False,5,8,"['chillies', 'garlic', 'ground pepper', 'juice of lemon', 'parsley leaves', 'pasta shells', 'bell pepper', 'tuna']"
660736,2,45,None,None,902.32,False,[],"['gluten free', 'dairy free', 'pescatarian']",True,False,False,False,False,False,9,10,"['apple cider vinegar', 'ginger', 'halibut fillets', 'jalapeno', 'lime', 'olive oil', 'peach', 'onion', 'soy sauce', 'white wine']"
633754,1,45,None,None,861.26,False,"['Mediterranean', 'French', 'European']","['gluten free', 'lacto ovo vegetarian', 'primal']",True,False,False,True,True,False,12,10,"['eggplant', 'feta cheese', 'basil', 'garlic cloves', 'bell peppers', 'olive oil', ""onion cut ' pieces"", 'red wine vinegar', 'tomatoes', 'zucchini cut']"
633766,6,45,None,None,185.54,False,[],['lacto ovo vegetarian'],False,False,False,True,True,False,9,8,"['broccoli flowerets', 'basil', 'fennel seeds', 'pasta sauce', 'rigatoni', 'mozzarella cheese', 'ready-cut tomatoes', 'vegetable burger crumbles']"
1096185,4,30,None,None,228.59,False,[],"['dairy free', 'lacto ovo vegetarian', 'vegan']",False,False,True,True,True,False,8,16,"['lemon zest', 'squeezed lemon juice', 'sugar', 'dijon mustard', 'kosher salt', 'pepper', 'olive oil', 'tri-color pearl couscous', 'apricots', 'carrots', 'celery', 'raisins', 'garbanzo beans', 'hazelnuts', 'onion', 'parsley']"
730914,1,45,None,None,313.8,False,[],"['gluten free', 'primal']",True,False,False,False,False,False,14,5,"['balsamic vinegar', 'chicken breast', 'm zarella cheese', 'basil olive oil', 'tomato']"
642602,2,45,None,None,279.93,False,[],[],False,False,False,False,True,False,10,16,"['balsamic vinegar', 'pepper', 'brussels sprouts', 'farro', 'flat leaf parsley', 'garlic clove', 'lemon juice', 'olive oil', 'parmesan', 'chili flakes', 'red/yellow onion', 'salt', 'sunflower seeds', 'tomatoes', 'walnuts', 'water']"
653682,4,45,None,None,243.13,False,[],"['gluten free', 'lacto ovo vegetarian']",True,False,False,True,True,False,22,17,"['broccoli florets', 'burrata', 'crinkled carrots', 'cauliflower florets', 'basil', 'garlic', 'peppers', 'ketchup', 'olive oil', 'oregano', 'pepper', 'quinoa', 'roma tomatoes', 'salt', 'water', 'mushrooms', 'onions']"
660290,8,45,None,None,360.46,False,"['Indian', 'Asian']",['gluten free'],True,False,False,False,False,False,4,18,"['baking potatoes', 'beef broth', 'butter', 'cilantro', 'curry', 'fennel powder', 'garam masala', 'garlic', 'ginger', 'lamb stew meat', 'mushrooms', 'olive oil', 'onion', 'oregano', 'yogurt', 'rosemary', 'salt', 'tomato paste']"
1095791,2,30,None,None,342.2,False,[],"['gluten free', 'dairy free']",True,False,False,False,True,False,8,10,"['quinoa', 'iceberg lettuce', 'tomatoes', 'cucumber', 'peppers', 'carrot', 'olive tapenade', 'salt and pepper', 'extra virgin olive oil', 'apple cider vinegar']"
632718,6,45,None,None,81.84,False,[],"['gluten free', 'dairy free', 'lacto ovo vegetarian', 'vegan']",True,False,True,True,True,False,12,8,"['apricots soaked in', 'water', 'garbanzo beans soaked', 'overnight in water', 'water', 'lentils', 'onions', 'malt syrup']"
639957,2,20,None,None,396.38,False,[],['pescatarian'],False,False,False,False,True,False,9,14,"['chicken broth', 'cod', 'flour', 'garlic', 'lemon juice', 'olive oil', 'parmesan cheese', 'roma tomatoes', 'salt and pepper', 'shallot', 'spinach', 'white wine', 'pasta', 'to)']"
660926,2,45,None,None,454.9,False,"['bbq', 'Barbecue']","['gluten free', 'dairy free', 'pescatarian']",True,False,False,False,True,False,9,7,"['barbecue sauce', 'barbecue seasoning', 'hoisin sauce', 'honey', 'lemon', 'salmon fillets', 'sea salt']"
652594,6,45,None,None,149.47,False,[],"['gluten free', 'dairy free', 'lacto ovo vegetarian', 'vegan']",True,False,True,True,True,False,12,13,"[""bragg's all natural apple cider vinegar"", 'of basil', 'bell peppers', 'coconut oil', 'quinoa', 'cilantro', 'garlic', 'sprouted mung beans', 'onions', 'of oregano', 'salt and pepper', 'spinach', 'tomatoes']"
642540,4,45,None,None,187.34,False,['American'],"['dairy free', 'lacto ovo vegetarian', 'vegan']",False,False,True,True,False,False,7,15,"['garbanzo beans', 'chili powder', 'coriander', 'cumin', 'flour', 'parsley', 'garlic', 'juice of lemon', 'pita pockets', 'onion', 'salt and pepper', 'tahini', 'turmeric', 'vegetable oil', 'water']"
663177,3,45,None,None,153.6,False,"['Thai', 'Asian']","['gluten free', 'dairy free', 'paleolithic', 'primal', 'pescatarian']",True,False,False,False,True,False,8,8,"['wine', 'garlic', 'stem lemongrass', 'mussels', 'olive oil', 'chilies', 'thai basil leaves', 'water']"
642619,4,25,None,None,505.89,False,[],['pescatarian'],False,False,False,False,True,False,None,8,"['dill', 'feta', 'juice of lemon', 'olive oil', 'panko', 'bell pepper', 'salmon fillets', 'sea salt']"
452116,2,40,None,None,338.14,False,[],[],False,False,False,False,True,False,20,10,"['rosemary', 'garlic', 'mushrooms', 'olive oil', 'parmesan cheese', 'red wine', 'salt and pepper', 'savoy cabbage', 'walnuts', 'spaghetti']"
658087,4,45,None,None,226.46,False,[],"['gluten free', 'lacto ovo vegetarian']",True,False,False,True,True,False,7,10,"['cauliflower', 'quinoa', 'walnuts', 'apricots', 'feta cheese', 'green onions', 'parsley', 'salt and pepper', 'lemon', 'olive oil']"
640338,2,45,None,None,321.24,False,[],['lacto ovo vegetarian'],False,False,False,True,True,False,7,14,"['lentils', 'cracked wheat', 'dates', 'extra virgin olive oil', 'parsley', 'greek yogurt', 'ground coriander', 'ground cumin', 'lemon', 'onion', 'sesame seeds', 'paprika', 'tahini', 'zucchini']"
655806,4,45,None,None,145.49,False,[],[],False,False,False,False,False,False,5,8,"['farfalle', 'flat leaf parsley', 'garlic', 'yogurt', 'nuts', 'olive oil', 'parmesan cheese', 'salt & pepper']"
660490,4,45,None,None,561.88,False,[],"['gluten free', 'dairy free', 'pescatarian']",True,False,False,False,True,False,15,8,"['sockeye salmon fillets', 'kiwis', 'lemonade', 'lemon and pepper seasoning', 'olive oil', 'lemon wedges', 'lemon zest', 'scallion']"
657679,2,45,None,None,430.26,False,[],"['gluten free', 'dairy free']",True,False,False,False,True,False,9,11,"['asparagus', 'avocado', 'garlic clove', 'honey', 'juice of lemon', 'olive oil', 'quinoa', 'salt', 'herb seasoning', 'shallots', 'sun tomatoes']"
662654,4,45,None,None,477.97,False,[],"['gluten free', 'dairy free', 'fodmap friendly', 'pescatarian']",True,True,False,False,False,False,21,9,"['brown sugar', 'chicken stock', 'ginger', 'liquid smoke', 'peanut oil', 'mahogany rice', 'salmon', 'salt and pepper', 'soy sauce']"
633624,6,45,None,None,396.08,False,['Southern'],[],False,False,False,False,False,False,16,20,"['buttermilk', 'buttermilk', 'cauliflower', 'cauliflower mash', 'cayenne pepper', 'chicken', 'dijon mustard', 'mustard', 'flour', 'garlic cloves', 'lemon juice', 'lemon peel', 'cream', 'panko', 'paprika', 'parmesan cheese', 'ricotta', 'salt and pepper', 'chicken breast', 'thyme']"
659060,2,45,None,None,885.94,False,[],"['gluten free', 'pescatarian', 'ketogenic']",True,False,False,False,True,False,66,14,"['butter', 'carrot', 'liquid chicken stock', 'chives to garnish', 'cooking oil', 'cream', 'extra virgin olive oil', 'garlic', 'lemon grass', 'lemon juice', 'lemons', 'salmon fillets', 'salt and pepper', 'spinach leaves']"
648627,4,45,None,None,489.91,False,[],"['gluten free', 'dairy free', 'paleolithic', 'primal', 'whole 30']",True,False,False,False,True,False,5,8,"['bay leaves', 'chicken broth', 'parsley', 'garlic', 'grape tomatoes', 'olive oil', 'pepper', 'pork loin roast']"
652775,2,45,None,None,664.0,False,[],"['gluten free', 'dairy free', 'pescatarian']",True,False,False,False,True,False,16,13,"['olive oil', 'onion', 'fennel', 'garlic', 'tomatoes', 'fennel seeds', 'chilli flakes', 'white wine', 'sugar', 'salt and pepper', 'basil - greek basil if you have it', 'mussels', 'flat leaf parsley']"
1095806,2,30,None,None,779.65,False,"['Spanish', 'European']","['gluten free', 'dairy free', 'whole 30', 'pescatarian']",True,False,False,False,True,False,7,9,"['croutons', 'olives', 'onions', 'bell peppers', 'paprika', 'coarse sea salt', 'ground pepper', 'olive oil', 'salmon fillets']"
658357,4,45,None,None,192.13,False,[],[],False,False,False,False,False,False,23,14,"['sausages', 'leek', 'sage', 'garlic cloves', 'onion', 'canned tomatoes', 'rigatoni', 'milk', 'thyme', 'cayenne pepper', 'butter', 'extra virgin olive oil', 'sugar', 'salt& pepper']"
644108,2,45,None,None,429.75,False,[],"['gluten free', 'lacto ovo vegetarian']",True,False,False,True,True,False,6,10,"['almonds', 'oil evo', 'bell pepper', 'onion', 'ricotta cheese', 'saffron', 'salt', 'zucchini flowers', 'fusilloro verrigni o fusilloni', 'fusilloro verrigni o fusilloni']"
635055,3,45,None,None,854.56,False,[],"['gluten free', 'lacto ovo vegetarian']",True,False,False,True,True,False,4,9,"['black beans', 'brown rice', 'corn', 'cumin', 'lightly sauteed onions', 'peppers', 'salsa', 'salt and pepper', 'cheddar']"
639401,4,45,None,None,229.85,False,[],"['gluten free', 'dairy free']",True,False,False,False,False,False,21,11,"['tied pork shoulder', 'salt and pepper', 'olive oil', 'onions', 'calvados brandy', 'granny smith apple', 'garlic cloves', 'thyme', 'apple cider', 'chicken stock', 'dijon mustard']"
665831,1,45,None,None,899.66,False,[],"['gluten free', 'dairy free', 'paleolithic', 'lacto ovo vegetarian', 'primal', 'whole 30', 'vegan']",True,False,True,True,True,False,3,9,"['baby/lolo lettuce', 'roquette lettuce', 'fennel bulb and leaves', 'bell pepper', 'bell pepper', 'pickled cucumber', 'blacks olives', 'rosemary', 'olive oil']"
635701,6,45,None,None,288.26,False,[],"['gluten free', 'dairy free']",True,False,False,False,True,False,4,9,"['rice', 'green onions', 'onion', 'parsley', 'bell pepper', 'pork meat', 'pork liver', 'salt', 'sausage casings']"
982375,4,75,70,5,941.92,False,[],"['gluten free', 'dairy free', 'whole 30']",True,False,False,False,True,False,9,7,"['baby carrots', 'beed broth', 'roast', 'olive oil', 'onion', 'potatoes', ""dale's steal seasoning""]"
1052360,8,40,30,10,265.54,False,[],['dairy free'],False,False,False,False,True,False,16,11,"['avocado oil', 'beef stock', 'guinness beer', 'honey optional', 'lamb stew meat', 'leek', 'bell pepper', 'potatoes', 'salt', 'sweet potatoes', 'thyme and rosemary']"
662087,2,45,None,None,587.16,False,[],"['gluten free', 'primal', 'pescatarian', 'ketogenic']",True,False,False,False,True,False,11,10,"['brie cheese', 'dill weed', 'garlic', 'olive oil', 'olives', 'onion', 'salmon filets', 'salt and pepper', 'spinach', 'tomatoes']"
645849,4,45,None,None,445.4,False,[],"['gluten free', 'dairy free', 'paleolithic', 'primal', 'fodmap friendly', 'whole 30', 'pescatarian']",True,True,False,False,True,False,10,7,"['blood orange cilantro vinaigrette', 'cucumber', 'grape tomatoes', 'jicama', 'greens', 'salmon steaks', 'salt and pepper']"
641893,6,45,None,None,395.49,False,"['Mediterranean', 'Italian', 'European']",[],False,False,False,False,False,False,16,19,"['equivalent amount of a ground beef/bulk sausage mix', 'ricotta', 'oregano', 'basil', 'parmesan cheese', 'pasta sauce', 'pizza sauce', 'pepper flakes', 'pepperoni', 'mozzarella', 'aged provolone', 'herbed parmesan drop biscuits', 'additional parmesan cheese', 'baking mix', 'parmesan cheese', 'seasoning', 'milk', 'or', 'or']"
638780,4,30,None,None,224.47,False,[],"['gluten free', 'dairy free', 'lacto ovo vegetarian']",True,False,False,True,True,False,13,10,"['pepper', 'to 3 broccoli', 'to 5 chicken broth', 'extra virgin olive oil', 'garlic', 'mellow miso', 'onion', 'salt', 'lite silken tofu', 'to 2 tarragon']"
716300,3,45,None,None,146.54,False,"['Mediterranean', 'Italian', 'European']",['dairy free'],False,False,False,False,False,False,12,14,"['beef', 'bell pepper', 'bell peppers', 'bread flour', 'seasoning cube', 'oil', 'oil', 'onions', 'over-ripe plantain', 'salt', 'sugar', 'tomato)', 'water', 'yeast']"
646034,6,45,None,None,289.53,False,"['European', 'Irish']",['dairy free'],False,False,False,False,True,False,26,11,"['corned beef brisket', 'carrots', 'parsnips', 'potatoes', 'garlic', 'guinness', 'beef broth', 'pickling spice', 'brown sugar', 'bay leaf', 'spicy honey mustard']"
649405,4,45,None,None,675.42,False,['Middle Eastern'],"['gluten free', 'dairy free']",True,False,False,False,True,False,12,11,"['pepper', 'rice', 'coriander seed', 'lentils', 'garlic', 'ham bone', 'lemon juice', 'onion', 'salt', 'spinach', 'water']"
638248,2,45,None,None,316.62,False,[],[],False,False,False,False,False,False,25,14,"['all purpose flour', 'angel hair pasta', 'chicken breast', 'capers', 'chicken broth', 'basil', 'garlic cloves', 'kosher salt and pepper', 'lemon zest', 'lemons', 'olive oil', 'chili flakes', 'roma tomatoes', 'butter']"
664737,6,45,None,None,310.32,False,"['Mediterranean', 'Italian', 'European']",[],False,False,False,False,True,False,17,21,"['basil& oregano', 'basil leaves', 'chives', 'parsley', 'sage leaves', 'garlic cloves', 'garlic salt', 'ground nutmeg', 'lasagna', 'ricotta cheese', 'mushrooms', 'olive oil', 'oregano', 'parmesan', 'cube pecorino cheese', 'cracked pepper', 'pepper flakes', 'mozzarella', 'spinach', 'oz can san marzano tomatoes', 'zucchini']"
633344,4,45,None,None,220.3,False,[],"['gluten free', 'dairy free', 'paleolithic', 'primal', 'whole 30']",True,False,False,False,False,False,9,6,"['bacon', 'pepper', 'coarse salt', 'sage', 'garlic powder', 'pork tenderloin']"
640134,6,45,None,None,649.19,False,"['European', 'Irish']",['gluten free'],True,False,False,False,True,False,10,10,"['bay leaves', 'butter', 'cabbage', 'carrots', 'corned-beef brisket', 'garlic', 'onions', 'parsley', 'peppers', 'potatoes']"
664565,4,30,None,None,123.65,False,"['Mediterranean', 'Italian', 'European']",[],False,False,False,False,True,False,16,12,"['bay leaf', 'cannellini beans', 'carrots', 'basil', 'elbow macaroni', 'ground pepper', 'olive oil', 'onion', 'parmesan cheese', 'salt', 'tomato', 'zucchini']"
639606,4,45,None,None,463.16,False,"['Mediterranean', 'European', 'Greek']",[],False,False,False,False,False,False,21,19,"['bread crumbs', 'butter', 'canned tomatoes', 'egg plants', 'egg yolks', 'feta cheese', 'flour', 'garlic', 'ground allspice', 'ground cinnamon', 'ground nutmeg', 'salt and ground pepper', 'beef', 'warm milk', 'olive oil', 'olive oil', 'onions', 'sea salt', 'tomato paste']"
635081,4,45,None,None,118.13,False,[],"['gluten free', 'dairy free', 'lacto ovo vegetarian', 'vegan']",True,False,True,True,True,False,11,10,"['black beans', 'brown rice', 'cumin powder', 'garlic', 'hemp seeds', 'baby kale', 'olive oil', 'pepper', 'salt', 'sesame seeds']"
1098387,4,30,None,None,208.57,False,[],"['gluten free', 'dairy free', 'lacto ovo vegetarian', 'vegan']",True,False,True,True,False,False,16,9,"['quinoa', 'water', 'salt', 'olive oil', 'barberries', 'slivered almonds', 'slivered pistachios', 'coriander', 'mint']"
645856,2,15,None,None,967.87,False,['Mexican'],"['gluten free', 'dairy free', 'paleolithic', 'primal', 'whole 30', 'pescatarian']",True,False,False,False,True,False,8,14,"['anaheim peppers', 'cherries', 'basil', 'mint', 'garlic', 'juice of lime', 'lime zest', 'mango', 'olive oil', 'peach', 'pineapple', 'salmon fillet', 'salt and pepper', 'shallot']"
729531,4,90,None,None,280.35,False,['Southern'],[],False,False,False,False,False,False,20,12,"['cornbread', 'egg', 'flour', 'green onions', 'jalapeno', 'lemon pepper', 'chicken broth', 'milk', 'parsley', 'pork tenderloin', 'salt and pepper', 'butter']"
654125,6,45,None,None,742.04,False,"['Mediterranean', 'Italian', 'European']",['dairy free'],False,False,False,False,True,False,6,11,"['veal shanks', 'parsley', 'rind lemon', 'flour', 'bell pepper', 'olive oil', 'garlic', 'onion', 'chicken stock', 'wine', 'tomato sauce']"
641973,8,45,None,None,529.85,False,[],"['gluten free', 'dairy free', 'paleolithic', 'primal', 'whole 30']",True,False,False,False,True,False,11,7,"['leg of lamb', 'garlic cloves', 'extra virgin olive oil', 'flat leaf parsley', 'rosemary', 'kosher salt', 'pepper']"
1095742,6,50,None,None,184.47,False,"['Mediterranean', 'Italian', 'European']",['dairy free'],False,False,False,False,False,False,9,11,"['onion', 'garlic', 'butternut squash', 'zucchini', 'carrot', 'oregano', 'cannellini beans', 'tomatoes', 'vegetable stock', 'tomato puree', 'fusilli pasta']"
661741,1,45,None,None,273.93,False,[],['dairy free'],False,False,False,False,False,False,4,4,"['strawberries', 'chocolate chips- handful', 'sourdough bread', 'olive oil and brush']"
642453,4,45,None,None,158.05,False,[],[],False,False,False,False,True,False,13,9,"['ditilini pasta', 'garlic cloves', 'olive oil', 'cannellini beans', 'vegetable broth', 'salt & pepper', 'escarole', 'pepper flakes', 'parmesan cheese']"
643055,4,75,None,None,416.24,False,"['South American', 'Latin American']","['gluten free', 'dairy free', 'paleolithic', 'primal', 'whole 30']",True,False,False,False,True,False,7,6,"['extra virgin olive oil', 'flank steak', 'garlic', 'oregano', 'parsley', 'red wine vinegar']"
642113,6,45,None,None,228.86,False,[],[],False,False,False,False,False,False,20,9,"['butter', 'celery', 'chicken broth', 'parsley', 'onion', 'bell pepper', 'pork chops', 'salt', 'bread']"
643059,2,15,None,None,583.79,False,[],"['gluten free', 'primal']",True,False,False,False,True,False,10,17,"['balsamic vinegar', 'feta', 'flank steak', 'garlic', 'grill seasoning', 'lemon juice', 'lemon zest', 'salad greens', 'mushroom', 'olive oil', 'olives', 'oregano', 'bell pepper', 'onion', 'pepper flakes', 'roma tomato', 'salt']"
664678,4,45,None,None,129.39,False,"['Mediterranean', 'European', 'Greek']","['gluten free', 'dairy free']",True,False,False,False,True,False,10,12,"['canned tomatoes', 'carrot', 'basil', 'egg substitute equivalent to 3 eggs - i use ener-g substitute= teaspoons of ener', 'evoo', 'garlic', 'garlic salt', 'onions', 'packages of portabella mushrooms', 'russet potatoes', 'salt and pepper', 'soy milk']"
642597,4,45,None,None,661.16,False,[],[],False,False,False,False,False,False,9,10,"['tablespoons olive oil', 'leeks', 'gr farro', 'celery', 'carrot', 'onion', 'meat stock **please do not use bullion cubes', 'herbs - i use 1 sprig of thyme & a bay', 'parmesan cheese', 'salt & pepper']"
639392,6,45,None,None,212.53,False,['American'],[],False,False,False,False,True,False,18,26,"['avocado', 'bay leaf', 'bittersweet chocolate chips', 'black beans', 'black beans', 'kidney beans', 'canned tomatoes', 'chili', 'chili powder', 'flour tortillas', 'cilantro', 'garlic cloves', 'ground coriander', 'ground cumin', 'ground pepper', 'monterey jack cheese', 'olive oil', 'oregano', 'bell pepper', 'sea salt', 'shallot', 'cream', 'tomatillos', 'water', 'garnishes', 'garnishes']"
1096025,4,30,None,None,538.24,False,"['South American', 'Latin American']","['gluten free', 'dairy free', 'paleolithic', 'primal', 'whole 30', 'ketogenic']",True,False,False,False,True,False,16,17,"['flank steak', 'olive oil', 'salt and pepper to season', 'onion', 'baby bella mushrooms', 'spring mix', 'cherry tomatoes', 'avocado', 'lightly parsley', 'garlic', 'thyme', 'pepper flakes', 'bone broth', 'red wine vinegar', 'extra virgin olive oil', 'salt', 'pepper']"
633132,2,45,None,None,353.91,False,[],"['gluten free', 'dairy free', 'whole 30']",True,False,False,False,False,False,6,8,"['avocados', 'cherry tomatoes', 'extra virgin olive oil', 'limes', 'mayonnaise', 'pepper', 'salad', 'chicken breast']"
1697553,2,30,15,15,476.63,False,['Southern'],"['gluten free', 'dairy free', 'paleolithic', 'primal', 'pescatarian']",True,False,False,False,True,False,28,9,"['collard greens', 'olive oil', 'kosher salt', 'garlic', 'pepper flakes', 'lemon juice', 'salmon steaks', 'honey', 'freshly cracked pepper']"
634972,3,45,None,None,627.47,False,[],['pescatarian'],False,False,False,False,False,False,11,12,"['pine nuts', 'bigoli pasta', 'olive oil', 'onion', 'garlic', 'wine', 'lemon juice', 'lemon zest', 'cream', 'chives', 'salmon', 'pepper']"
658091,4,45,None,None,139.1,False,[],"['gluten free', 'dairy free', 'lacto ovo vegetarian']",True,False,False,True,True,False,13,20,"['water', 'juice of lemon', 'salt', 'quinoa', 'olive oil', 'shallots', 'kale', 'apple cider vinegar', 'lemon zest', 'blood oranges', 'pomegranate seeds', 'garbanzo beans', 'juice of lemon', 'honey', 'olive oil', 'meyer lemon juice', 'blood orange juice', 'apple cider vinegar', 'vegetable stock', 'salt and pepper']"
654435,2,25,None,None,420.24,False,[],"['gluten free', 'dairy free', 'paleolithic', 'primal', 'whole 30', 'pescatarian']",True,False,False,False,True,False,9,8,"['pepper', 'dill', 'garlic clove', 'lemon juice', 'lemon wedges', 'olive oil', 'salmon fillets', 'salt']"
665261,3,45,None,None,592.84,False,[],"['gluten free', 'dairy free', 'whole 30']",True,False,False,False,True,False,27,17,"['chicken -the one here is 4.5lbs.', 'onion', 'garlic cloves', 'broccoli', 'carrots', 'lemons', 'thyme', 'olive oil', 'apple cider vinegar', 'chicken stock', 'water', 'ground pepper', 'potatoes', 'onion', 'garlic', 'veggie stock', 'salt and pepper']"
649187,4,45,None,None,393.11,False,[],"['dairy free', 'pescatarian']",False,False,False,False,True,False,10,15,"['baby sweetcorn', 'bean sprouts', 'coriander freshly torn to garnish', 'iamb neck fillet', 'clv garlic', 'mm piece ginger root and squeezed', 'creamed horseradish', 'hoi sin sauce', 'macadamia nuts', 'mustard', 'bell pepper', 'rice noodles', 'soy sauce to season', 'spring onions', 'sunflower oil']"
633774,3,45,None,None,735.94,False,[],"['gluten free', 'dairy free', 'pescatarian']",True,False,False,False,True,False,13,9,"['cod fillet', 'olive oil', 'paprika', 'bell pepper', 'very onion', 'potatoes', 'white wine', 'salt and pepper', 'parsley']"
13073,4,52,None,None,292.71,False,[],"['gluten free', 'dairy free', 'fodmap friendly', 'whole 30', 'pescatarian']",True,True,False,False,True,False,None,6,"['sashimi grade ahi tuna filet', 'belgian endive', 'pea greens', 'sauce', 'roasted peppers', 'yams']"
657682,2,45,None,None,463.69,False,[],"['gluten free', 'dairy free', 'lacto ovo vegetarian', 'vegan']",True,False,True,True,True,False,11,13,"['cooking oil to saute', 'garlic', 'garlic powder', 'ground pepper', 'olive oil to drizzle', 'onion', 'orange bell pepper', 'peas', 'portabella mushrooms', 'quinoa', 'sea salt', 'tomato', 'water']"
715393,1,45,None,None,315.97,False,[],"['gluten free', 'lacto ovo vegetarian', 'primal']",True,False,False,True,False,False,None,6,"['almond', 'kiwi', 'milk', 'greek yogurt', 'raspberries', 'strawberries']"
640990,1,45,None,None,1127.28,False,[],"['gluten free', 'dairy free', 'paleolithic', 'primal', 'whole 30']",True,False,False,False,True,False,15,14,"['¼ olive oil', '¼ lime juice', 'orange juice', 'garlic cloves', 'water', '½ cumin', '½ salt', '½ pepper', '½ oregano', 'hand full of cilantro', 'flank steak', 'avocado', 'tomato', 'onion']"
646556,4,45,None,None,274.37,False,[],"['gluten free', 'dairy free']",True,False,False,False,True,False,8,12,"['bay leaf', 'beef stew meat', 'beef broth', 'golden mushroom soup', 'garlic', 'kale', 'merlot', 'mushroom', 'olive oil', 'onion', 'water', 'worcestershire sauce']"
149425,2,60,None,None,373.69,False,[],[],False,False,False,False,False,False,10,10,"['breadcrumbs', 'cheddar cheese', 'chicken breasts', 'deli ham', 'marjoram', 'parsley', 'rosemary', 'egg', 'flour', 'salt and pepper']"
644581,2,45,None,None,414.8,False,['American'],"['gluten free', 'dairy free', 'pescatarian']",True,False,False,False,True,False,12,10,"['salmon', 'ginger', 'garlic', 'brown sugar', 'rice vinegar', 'chili sauce', 'soy sauce', 'water', 'green onions', 'salt and pepper']"
637325,4,45,None,None,329.66,False,[],['pescatarian'],False,False,False,False,False,False,8,15,"['surimi crab sticks', 'basil', 'basil', 'parsley', 'garlic', 'olive oil', 'parmesan cheese', 'pasta', 'pepper', 'plum tomatoes', 'red wine', 'salmon fillets', 'salt', 'sugar', 'tomato puree']"
641128,2,45,None,None,571.82,False,"['Indian', 'Asian']","['gluten free', 'primal', 'pescatarian']",True,False,False,False,True,False,13,9,"['mussels', 'onion', 'wine', 'crème fraiche', 'curry powder', 'cayenne pepper', 'parsley', 'olive oil', 'salt and pepper']"
642610,7,45,None,None,147.24,False,[],"['gluten free', 'dairy free', 'lacto ovo vegetarian', 'vegan']",True,False,True,True,False,False,15,17,"['extra virgin olive oil', 'garlic', 'onions', 'peppers', 'carrots', 'celery', 'eggplant', 'green beans', 'squash', 'zucchini', 'tomatoes', 'thyme leaves', 'cumin', 'kosher salt', 'oregano', 'kidney beans', 'brown lentils']"
648247,3,45,None,None,1210.31,False,"['Mediterranean', 'Italian', 'European']","['gluten free', 'dairy free', 'paleolithic', 'primal', 'whole 30', 'pescatarian']",True,False,False,False,True,False,12,15,"['baby portobello mushrooms', 'bay leaves', 'canned tomatoes', 'club soda', 'seafood stock/ fish stock', 'parsley', 'garlic', 'mussels', 'onion', 'salt', 'seasoning', 'shrimps', 'tilapia', 'tomato', 'tomato paste']"
982368,3,45,None,None,362.46,False,['Mexican'],['gluten free'],True,False,False,False,True,False,31,11,"['avocado', 'bell peppers', 'chicken breasts', 'chili powder', 'cilantro', 'cumin', 'lettuce', 'quinoa', 'salsa', 'salt and pepper', 'shredded cheese']"
659237,8,45,None,None,718.18,False,[],"['gluten free', 'dairy free', 'paleolithic', 'primal', 'pescatarian']",True,False,False,False,True,False,14,15,"['canned tomatoes', 'clams', 'wine', 'freshly dungeness crabs', 'fish', 'basil', 'parsley', 'garlic', 'ground pepper', 'olive oil', 'oregano', 'shrimp', 'scallops', 'tomato paste', 'onion']"
648259,2,45,None,None,219.28,False,"['Mediterranean', 'Italian', 'European']","['dairy free', 'pescatarian']",False,False,False,False,True,False,14,5,"['anchovy', 'breadcrumbs', 'olive oil', 'string beans', 'onion']"
649933,4,30,None,None,256.25,False,[],"['gluten free', 'dairy free']",True,False,False,False,True,False,10,11,"['chicken stock', 'chorizo into cubes', 'thyme leaves', 'garlic', 'lentils', 'bell pepper', 'salt', 'shallots', 'paprika', 'sunflower oil', 'tomato purée']"
648721,4,45,None,None,292.88,False,[],"['gluten free', 'dairy free', 'paleolithic', 'primal', 'whole 30']",True,False,False,False,True,False,14,13,"['sweet potatoes', 'onion', 'kale', 'mushrooms', 'chicken sausage', 'chicken stock', 'garlic', 'thyme', 'ground coriander', 'chili flakes', 'sea salt', 'pepper', 'olive oil']"
638588,4,45,None,None,832.36,False,['Mexican'],"['gluten free', 'dairy free', 'pescatarian']",True,False,False,False,True,False,23,19,"['shallot', 'chili pepper flakes', 'lime zest', 'grape seed', 'water', 'avocados', 'cucumber', 'green onions', 'unpasteurized shiro miso', 'lime', 'water', 'prawns', 'scallops', 'olives', 'satsuma orange', 'coriander leaves', 'unrefined sea salt', 'cracked pepper', 'rice bran oil']"
643061,4,45,None,None,268.73,False,['Mexican'],"['gluten free', 'dairy free', 'paleolithic', 'primal', 'whole 30', 'ketogenic']",True,False,False,False,False,False,10,10,"['cilantro', 'extra virgin olive oil', 'flank steak', 'garlic clove', 'jalapeno', 'juice of lemon', 'juice of lime', 'salt and pepper', 'scallions', 'tomatoes']"
652706,1,45,None,None,939.74,False,[],"['gluten free', 'dairy free', 'lacto ovo vegetarian']",True,False,False,True,True,False,11,7,"['bot beer', 'strong mushroom broth', 'carrots', 'pkt firm/extra tofu', 'garlic', 'mushrooms', 'onion']"
